{
	"$schema": "http://adaptivecards.io/schemas/adaptive-card.json",
	"type": "AdaptiveCard",
	"version": "1.0",
	"body": [
		{
			"type": "ColumnSet",
			"columns": [
				{
					"type": "Column",
					"items": [
						{
							"type": "TextBlock",
							"text": "Column 1"
						},
						{
							"type": "Image",
							"url": "https://adaptivecards.io/content/cats/1.png"
						}
					]
				},
				{
					"type": "Column",
					"items": [
						{
							"type": "TextBlock",
							"text": "Column 2"
						},
						{
							"type": "Image",
							"url": "https://adaptivecards.io/content/cats/1.png"
						}
					]
				},
				{
					"type": "Column",
					"items": [
						{
							"type": "TextBlock",
							"text": "Column 3"
						},
						{
							"type": "Image",
							"url": "https://adaptivecards.io/content/cats/1.png"
						}
					]
				}
			]
		}
	]
}
