{
	"$schema": "http://adaptivecards.io/schemas/adaptive-card.json",
	"type": "AdaptiveCard",
	"version": "1.0",
	"body": [
		{
			"type": "TextBlock",
			"text": "ColumnSet Spacing",
			"size": "extraLarge"
		},
		{
			"type": "ColumnSet",
			"spacing": "none",
			"columns": [
				{
					"type": "Column",
					"items": [
						{
							"type": "Image",
							"url": "https://adaptivecards.io/content/cats/1.png"
						},
						{
							"type": "TextBlock",
							"text": "(none)"
						}
					]
				},
				{
					"type": "Column",
					"items": [
						{
							"type": "TextBlock",
							"text": " "
						},
						{
							"type": "Image",
							"url": "https://adaptivecards.io/content/cats/1.png"
						}
					]
				},
				{
					"type": "Column",
					"items": [
						{
							"type": "TextBlock",
							"text": " "
						},
						{
							"type": "Image",
							"url": "https://adaptivecards.io/content/cats/1.png"
						}
					]
				}
			]
		},
		{
			"type": "ColumnSet",
			"spacing": "large",
			"separator": true,
			"columns": [
				{
					"type": "Column",
					"items": [
						{
							"type": "Image",
							"url": "https://adaptivecards.io/content/cats/1.png"
						},
						{
							"type": "TextBlock",
							"text": "(large)"
						}
					]
				},
				{
					"type": "Column",
					"items": [
						{
							"type": "TextBlock",
							"text": " "
						},
						{
							"type": "Image",
							"url": "https://adaptivecards.io/content/cats/1.png"
						}
					]
				},
				{
					"type": "Column",
					"items": [
						{
							"type": "TextBlock",
							"text": " "
						},
						{
							"type": "Image",
							"url": "https://adaptivecards.io/content/cats/1.png"
						}
					]
				}
			]
		}
	]
}
