{
	"$schema": "http://adaptivecards.io/schemas/adaptive-card.json",
	"type": "AdaptiveCard",
	"version": "1.0",
	"body": [
		{
			"type": "ImageSet",
			"images": [
				{
					"type": "Image",
					"url": "https://adaptivecards.io/content/cats/1.png"
				},
				{
					"type": "Image",
					"url": "https://adaptivecards.io/content/cats/1.png"
				},
				{
					"type": "Image",
					"url": "https://adaptivecards.io/content/cats/1.png"
				},
				{
					"type": "Image",
					"url": "https://adaptivecards.io/content/cats/1.png"
				},
				{
					"type": "Image",
					"url": "https://adaptivecards.io/content/cats/1.png"
				},
				{
					"type": "Image",
					"url": "https://adaptivecards.io/content/cats/1.png"
				}
			]
		}
	]
}
