{
        "$schema": "http://adaptivecards.io/schemas/adaptive-card.json",
        "type": "AdaptiveCard",
        "version": "1.1",
        "fallbackText": "This card requires Media to be viewed. Ask your platform to update to Adaptive Cards v1.1 for this and more!",
    "body": [
        {
            "type": "Media",
            "poster": "${ThumbnailUrl}",
            "sources": [
                {
                    "mimeType": "video/mp4",
                    "url": "${Url}"                      
                }
            ]
        }
    ],
    "actions": [
        {
            "type": "Action.OpenUrl",
            "title": "Learn more",
            "url": "https://adaptivecards.io"
        }
    ]
}
