{
	"type": "AdaptiveCard",
	"version": "1.2",
	"body": [
	{
		"type": "Container",
		"items": [
		{
			"type": "TextBlock",
			"text": "This card created a json instance from commit message in the data and used it to set data context",
			"wrap":true,
			"color": "good"
		},
		{
			"type": "FactSet",
			"$data": "${json(commitMessage)}",
			"facts": [
			{
				"title": "Type", 
				"value": "${type}"
			},
			{
				"title": "Build ID", 
				"value": "${buildID}"
			},
			{
				"title": "Release ID", 
				"value": "${releaseID}"
			},
			{
				"title": "Build Number", 
				"value": "${buildNumber}"
			}
		  ]
		}
		]
	}
  ],
  "$schema": "http://adaptivecards.io/schemas/adaptive-card.json"
}
